,product_index,product_type,product_brand,product_name,product_price,average_rate,no_of_rates,seller,website
0,H6588001_S_Samsung_TabA_8_2019_WiFi,tablet,三星,"Tab A 8"" 2019 2GB+32GB Wi-Fi 平板電腦 T290 銀色 香港行貨",949.0,5.0,2,輝煌數碼有限公司,https://www.hktvmall.com/hktv/zh/main/輝煌數碼有限公司/s/H6588001/電子電器/電子電器/手機及平板電腦/平板電腦/Tab-A-8-2019-2GB32GB-WiFi-平板電腦-T290-銀色-香港行貨/p/H6588001_S_Samsung_TabA_8_2019_WiFi
1,H6800001_S_BGT0026,tablet,安博科技,安博科技 UPAD PRO 4G（送套）,1480.0,5.0,1,環球貿易,https://www.hktvmall.com/hktv/zh/main/環球貿易/s/H6800001/電子電器/電子電器/電腦及週邊設備/平板電腦/安博科技-UPAD-PRO-4G送套/p/H6800001_S_BGT0026
2,H5300001_S_FXMM1806D9E464GBGD4,tablet,小米,"小米平板 4 8.0"" LTE（一年保養）4+64GB 金色",1799.0,0.0,0,Citylink,https://www.hktvmall.com/hktv/zh/main/Citylink/s/H5300001/電子電器/電子電器/手機及平板電腦/平板電腦/小米平板-4-80-LTE一年保養464GB-金色/p/H5300001_S_FXMM1806D9E464GBGD4
3,H5300001_S_FSAT510232GBBK,tablet,三星,"Galaxy Tab A 10.1 "" WiFi T510 2GB+32GB 黑色（平行進口）",1799.0,0.0,0,Citylink,https://www.hktvmall.com/hktv/zh/main/Citylink/s/H5300001/電子電器/電子電器/手機及平板電腦/平板電腦/Galaxy-Tab-A-101-WiFi-T510-2GB32GB-黑色平行進口/p/H5300001_S_FSAT510232GBBK
4,H6588001_S_Samsung_TabS6_WiFi_128_GY,tablet,三星,Tab S6 6GB+128GB Wi-Fi 平板電腦 T860 灰色 香港行貨,4999.0,0.0,0,輝煌數碼有限公司,https://www.hktvmall.com/hktv/zh/main/輝煌數碼有限公司/s/H6588001/電子電器/電子電器/手機及平板電腦/平板電腦/Tab-S6-6GB128GB-WiFi-平板電腦-T860-灰色-香港行貨/p/H6588001_S_Samsung_TabS6_WiFi_128_GY
5,H0972006_S_F7,tablet,Teclast,超薄 notebook - F7 (6+128GB),2222.0,3.4,17,ASK-Gadgets,https://www.hktvmall.com/hktv/zh/main/ASK-Gadgets/s/H0972006/電子電器/電子電器/手機及平板電腦/平板電腦/超薄-notebook-F7-6128GB/p/H0972006_S_F7
6,H5300001_S_FSAT5152-32GBBK,tablet,三星,"Galaxy Tab A 10.1 "" LTE T515 2GB+32GB 黑色（平行進口）",2099.0,0.0,0,Citylink,https://www.hktvmall.com/hktv/zh/main/Citylink/s/H5300001/電子電器/電子電器/手機及平板電腦/平板電腦/Galaxy-Tab-A-101-LTE-T515-2GB32GB-黑色平行進口/p/H5300001_S_FSAT5152-32GBBK
7,H6588001_S_Huawei_M5_Lite_8_LTE,tablet,Huawei,M5 Lite 8 LTE 3GB+32GB 平板電腦 深空灰色 香港行貨,1599.0,4.0,1,輝煌數碼有限公司,https://www.hktvmall.com/hktv/zh/main/輝煌數碼有限公司/s/H6588001/電子電器/電子電器/手機及平板電腦/平板電腦/M5-Lite-8-LTE-3GB32GB-平板電腦-深空灰色-香港行貨/p/H6588001_S_Huawei_M5_Lite_8_LTE
8,H0762001_S_Galaxy-Tab-S5e-LTE-T725-800670050,tablet,三星,Galaxy Tab S5e (LTE) (T725),4148.0,0.0,0,Mob-hk,https://www.hktvmall.com/hktv/zh/main/Mob-hk/s/H0762001/電子電器/電子電器/手機及平板電腦/平板電腦/Galaxy-Tab-S5e-LTE-T725/p/H0762001_S_Galaxy-Tab-S5e-LTE-T725-800670050
9,H5912001_S_T0046,tablet,Huawei,MediaPad M5 lite 平板 4+64GB（香港行貨）,2548.0,0.0,0,UNIVERSAL,https://www.hktvmall.com/hktv/zh/main/UNIVERSAL/s/H5912001/電子電器/電子電器/電腦及週邊設備/平板電腦/MediaPad-M5-lite-平板-464GB香港行貨/p/H5912001_S_T0046
10,H0762001_S_Galaxy-Tab-S5e-Wifi-T720-800670048,tablet,三星,Galaxy Tab S5e (Wi-Fi),3598.0,0.0,0,Mob-hk,https://www.hktvmall.com/hktv/zh/main/Mob-hk/s/H0762001/電子電器/電子電器/手機及平板電腦/平板電腦/Galaxy-Tab-S5e-WiFi/p/H0762001_S_Galaxy-Tab-S5e-Wifi-T720-800670048
11,H5023002_S_LQJ-00022,tablet,Microsoft,Surface Pro 6 8代i7 16G 512 SSD 二合一平板電腦 Windows 10 專業版 (LQJ-00022) 送 實體鍵盤保護蓋,14999.0,0.0,0,Protech-Computer,https://www.hktvmall.com/hktv/zh/main/Protech-Computer/s/H5023002/電子電器/電子電器/電腦及週邊設備/手提電腦/Surface-Pro-6-8代i7-16G-512-SSD-二合一平板電腦-Windows-10-專業版-LQJ00022-送-實體鍵盤保護蓋/p/H5023002_S_LQJ-00022
12,H5300001_S_FHUKOB-L0932GBGD4,tablet,Huawei,"Honor Pad 2 8.0"" LTE（一年保養）32GB 金色",1399.0,0.0,0,Citylink,https://www.hktvmall.com/hktv/zh/main/Citylink/s/H5300001/電子電器/電子電器/手機及平板電腦/平板電腦/Honor-Pad-2-80-LTE一年保養32GB-金色/p/H5300001_S_FHUKOB-L0932GBGD4
13,H5300001_S_FSAT7204-64GBBK,tablet,三星,"Galaxy Tab S5e 10.5"" Wi-Fi T720 4GB+64GB 黑色（平行進口）",3299.0,0.0,0,Citylink,https://www.hktvmall.com/hktv/zh/main/Citylink/s/H5300001/電子電器/電子電器/手機及平板電腦/平板電腦/Galaxy-Tab-S5e-105-WiFi-T720-4GB64GB-黑色平行進口/p/H5300001_S_FSAT7204-64GBBK
14,H5023001_S_80U1002HHH_256,tablet,聯想,Miix 510-12ISK Core i5 256 SSD 2合1 平板電腦 (80U1002HHH_256)  - 高質陳列品,4399.0,5.0,1,OB-House,https://www.hktvmall.com/hktv/zh/main/OB-House/s/H5023001/電子電器/電子電器/電腦及週邊設備/手提電腦/Miix-51012ISK-Core-i5-256-SSD-2合1-平板電腦-80U1002HHH256-高質陳列品/p/H5023001_S_80U1002HHH_256
15,H5023001_S_80U1002HHH,tablet,聯想,Miix 510-12ISK Core i5 2合1 平板電腦 (80U1002HHH)  - 高質陳列品,4099.0,0.0,0,OB-House,https://www.hktvmall.com/hktv/zh/main/OB-House/s/H5023001/電子電器/電子電器/電腦及週邊設備/手提電腦/Miix-51012ISK-Core-i5-2合1-平板電腦-80U1002HHH-高質陳列品/p/H5023001_S_80U1002HHH
16,H6588001_S_Samsung_TabS5e_wifi_128GB_Silver,tablet,三星,Tab S5e 6GB+128GB WiFi 銀色 香港行貨,3772.0,0.0,0,輝煌數碼有限公司,https://www.hktvmall.com/hktv/zh/main/輝煌數碼有限公司/s/H6588001/電子電器/電子電器/手機及平板電腦/平板電腦/Tab-S5e-6GB128GB-WiFi-銀色-香港行貨/p/H6588001_S_Samsung_TabS5e_wifi_128GB_Silver
17,H6588001_S_Huawei_M5Pro_Gold,tablet,Huawei,M5 Pro Wi-Fi 4GB+64GB 平板電腦 金色 香港行貨,3599.0,5.0,2,輝煌數碼有限公司,https://www.hktvmall.com/hktv/zh/main/輝煌數碼有限公司/s/H6588001/電子電器/電子電器/手機及平板電腦/平板電腦/M5-Pro-WiFi-4GB64GB-平板電腦-金色-香港行貨/p/H6588001_S_Huawei_M5Pro_Gold
18,H5912001_S_T0044_bk,tablet,小米,平板4 8英寸平板電腦LTE版 4G+64GB（黑色）（平行進口）,1888.0,3.2,4,UNIVERSAL,https://www.hktvmall.com/hktv/zh/main/UNIVERSAL/s/H5912001/電子電器/電子電器/電腦及週邊設備/平板電腦/平板4-8英寸平板電腦LTE版-4G64GB黑色平行進口/p/H5912001_S_T0044_bk
19,H6588001_S_Huawei_M5_Lite_Grey,tablet,Huawei,M5 Lite Wi-Fi 4GB+64GB 平板電腦 灰色 香港行貨,2449.0,0.0,0,輝煌數碼有限公司,https://www.hktvmall.com/hktv/zh/main/輝煌數碼有限公司/s/H6588001/電子電器/電子電器/手機及平板電腦/平板電腦/M5-Lite-WiFi-4GB64GB-平板電腦-灰色-香港行貨/p/H6588001_S_Huawei_M5_Lite_Grey
20,H0710001_S_STM-222-200JW-01,tablet,STM,iPad 6th Dux Plus Duo (Pencil 或 Crayon 儲存槽) BLACK  STM-222-200JW-01,468.0,1.0,1,DISTEXPRESS,https://www.hktvmall.com/hktv/zh/main/DISTEXPRESS/s/H0710001/電子電器/電子電器/手機及平板電腦/手機周邊配件/其他手提電話配件/Apple/iPad-6th-Dux-Plus-Duo-Pencil-或-Crayon-儲存槽-BLACK-STM222200JW01/p/H0710001_S_STM-222-200JW-01
21,H5683002_S_P2224,tablet,日本ASK,938SP 10寸通話平板電腦,1280.0,5.0,1,天時科電商,https://www.hktvmall.com/hktv/zh/main/天時科電商/s/H5683002/電子電器/電子電器/電腦及週邊設備/平板電腦/938SP-10寸通話平板電腦/p/H5683002_S_P2224
22,H5023001_S_80QL008RHH_M7,tablet,聯想,Miix 700 12吋 2合1平板電腦配備 2K FHD+ IPS 觸屏及240G SSD閃存 (80QL008RHH_M7) - 高質陳列品,4999.0,0.0,0,OB-House,https://www.hktvmall.com/hktv/zh/main/OB-House/s/H5023001/電子電器/電子電器/電腦及週邊設備/手提電腦/Miix-700-12吋-2合1平板電腦配備-2K-FHD-IPS-觸屏及240G-SSD閃存-80QL008RHHM7-高質陳列品/p/H5023001_S_80QL008RHH_M7
23,H5300001_S_FSAT7254-64GBS,tablet,三星,"Galaxy Tab S5e 10.5"" LTE T725 4GB+64GB 銀色（平行進口）",3799.0,0.0,0,Citylink,https://www.hktvmall.com/hktv/zh/main/Citylink/s/H5300001/電子電器/電子電器/手機及平板電腦/平板電腦/Galaxy-Tab-S5e-105-LTE-T725-4GB64GB-銀色平行進口/p/H5300001_S_FSAT7254-64GBS
24,H5300001_S_FHUAGS-L0932GBGD4,tablet,Huawei,"Honor Pad 2 9.6"" LTE 3GB+32GB 金色（平行進口）",1499.0,0.0,0,Citylink,https://www.hktvmall.com/hktv/zh/main/Citylink/s/H5300001/電子電器/電子電器/手機及平板電腦/平板電腦/Honor-Pad-2-96-LTE-3GB32GB-金色平行進口/p/H5300001_S_FHUAGS-L0932GBGD4
25,S1235001_S_GS70101,tablet,G-Story,行貨 最新15.6吋 4K UHD 超高清窄邊框可攜式 USB3.1 Type-C 一線通 供電螢幕 GS156UM 保養一年,2765.0,0.0,0,Beauty-Balance-International-Group-Limited,https://www.hktvmall.com/hktv/zh/main/Beauty-Balance-International-Group-Limited/s/S1235001/電子電器/電子電器/電腦及週邊設備/顯示器/19吋以下顯示器/行貨-最新156吋-4K-UHD-超高清窄邊框可攜式-USB31-TypeC-一線通-供電螢幕-GS156UM-保養一年/p/S1235001_S_GS70101
26,H6588001_S_Samsung_TabA_8_SPen_LTE_Black,tablet,三星,Galaxy Tab A 8 with S Pen 3GB+32GB LTE 黑色 香港行貨,2399.0,0.0,0,輝煌數碼有限公司,https://www.hktvmall.com/hktv/zh/main/輝煌數碼有限公司/s/H6588001/電子電器/電子電器/手機及平板電腦/平板電腦/Galaxy-Tab-A-8-with-S-Pen-3GB32GB-LTE-黑色-香港行貨/p/H6588001_S_Samsung_TabA_8_SPen_LTE_Black
27,H6623001_S_GT1005_P,tablet,Global Trend,"12"" 液晶電子手寫板可局部擦寫",178.0,0.0,0,JACKMAX-INDUSTRIES,https://www.hktvmall.com/hktv/zh/main/JACKMAX-INDUSTRIES/s/H6623001/電子電器/電子電器/電腦及週邊設備/周邊設備/繪圖板-手寫板/12-液晶電子手寫板可局部擦寫/p/H6623001_S_GT1005_P
28,H5300001_S_FXMM1806D9W64GBBK4,tablet,小米,"小米平板 4 8.0"" Wi-Fi 64GB 黑色（平行進口）",1699.0,0.0,0,Citylink,https://www.hktvmall.com/hktv/zh/main/Citylink/s/H5300001/電子電器/電子電器/手機及平板電腦/平板電腦/小米平板-4-80-WiFi-64GB-黑色平行進口/p/H5300001_S_FXMM1806D9W64GBBK4
29,H5300001_S_FXMM1806D9E464GBBK4,tablet,小米,"小米平板 4 8.0"" LTE（一年保養）4+64GB 黑色",1799.0,0.0,0,Citylink,https://www.hktvmall.com/hktv/zh/main/Citylink/s/H5300001/電子電器/電子電器/手機及平板電腦/平板電腦/小米平板-4-80-LTE一年保養464GB-黑色/p/H5300001_S_FXMM1806D9E464GBBK4
30,H5023001_S_ZA2F0051HK,tablet,聯想,TAB 4 8 PLUS LTE  (ZA2F0051HK) - 高質陳列品,1499.0,0.0,0,OB-House,https://www.hktvmall.com/hktv/zh/main/OB-House/s/H5023001/電子電器/電子電器/手機及平板電腦/平板電腦/TAB-4-8-PLUS-LTE-ZA2F0051HK-高質陳列品/p/H5023001_S_ZA2F0051HK
31,H5023001_S_80Y7000NHH,tablet,聯想,Yoga 920 8代 i5 8G (80Y7000NHH) - 開箱機,8099.0,0.0,0,OB-House,https://www.hktvmall.com/hktv/zh/main/OB-House/s/H5023001/電子電器/電子電器/電腦及週邊設備/手提電腦/Yoga-920-8代-i5-8G-80Y7000NHH-開箱機/p/H5023001_S_80Y7000NHH
32,H6588001_S_Samsung_TabS6_WiFi_256_GY,tablet,三星,Tab S6 8GB+256GB Wi-Fi 平板電腦 T860 灰色 香港行貨,5699.0,0.0,0,輝煌數碼有限公司,https://www.hktvmall.com/hktv/zh/main/輝煌數碼有限公司/s/H6588001/電子電器/電子電器/手機及平板電腦/平板電腦/Tab-S6-8GB256GB-WiFi-平板電腦-T860-灰色-香港行貨/p/H6588001_S_Samsung_TabS6_WiFi_256_GY
33,H0183001_S_Aegir-Purple,tablet,Livescribe,Aegir 智能筆 - 紫色【原裝行貨】,848.0,0.0,0,LRT,https://www.hktvmall.com/hktv/zh/main/LRT/s/H0183001/電子電器/電子電器/電腦及週邊設備/平板電腦/Aegir-智能筆-紫色原裝行貨/p/H0183001_S_Aegir-Purple
34,H6588001_S_Huawei_M5_Gold,tablet,Huawei,M5 LTE 4GB+64GB 平板電腦 金色 香港行貨,2899.0,0.0,0,輝煌數碼有限公司,https://www.hktvmall.com/hktv/zh/main/輝煌數碼有限公司/s/H6588001/電子電器/電子電器/手機及平板電腦/平板電腦/M5-LTE-4GB64GB-平板電腦-金色-香港行貨/p/H6588001_S_Huawei_M5_Gold
35,H6391001_S_Noris,tablet,Staedtler,Samsung Staedtler Noris Digital Samsung S-Pen 特別版,158.0,5.0,1,德誠影業公司,https://www.hktvmall.com/hktv/zh/main/德誠影業公司/s/H6391001/電子電器/電子電器/電腦及週邊設備/平板電腦/Samsung-Staedtler-Noris-Digital-Samsung-SPen-特別版/p/H6391001_S_Noris
36,H0183001_S_Aegir-Teal,tablet,Livescribe,Aegir 智能筆 - 綠色【原裝行貨】,848.0,0.0,0,LRT,https://www.hktvmall.com/hktv/zh/main/LRT/s/H0183001/電子電器/電子電器/電腦及週邊設備/平板電腦/Aegir-智能筆-綠色原裝行貨/p/H0183001_S_Aegir-Teal
37,H5300001_S_FXMM1806D9W64GBGD,tablet,小米,"小米平板 4 8.0"" Wi-Fi 64GB 金色（平行進口）",1699.0,0.0,0,Citylink,https://www.hktvmall.com/hktv/zh/main/Citylink/s/H5300001/電子電器/電子電器/手機及平板電腦/平板電腦/小米平板-4-80-WiFi-64GB-金色平行進口/p/H5300001_S_FXMM1806D9W64GBGD
38,H5688002_S_DG049300147,tablet,ZAGG,Zagg Universal FLEX Keyboard with Stand,599.0,0.0,0,COOLMALL,https://www.hktvmall.com/hktv/zh/main/COOLMALL/s/H5688002/電子電器/電子電器/電腦及週邊設備/平板電腦/Zagg-Universal-FLEX-Keyboard-with-Stand/p/H5688002_S_DG049300147
39,H0710001_S_NS-ORG,tablet,Bluelounge,多功能底座 iPad / 平板 / 手機 *橙色1個*,98.0,0.0,0,DISTEXPRESS,https://www.hktvmall.com/hktv/zh/main/DISTEXPRESS/s/H0710001/電子電器/電子電器/電腦及週邊設備/平板電腦/多功能底座-iPad-平板-手機-橙色1個/p/H0710001_S_NS-ORG
40,S1235001_S_GS70102,tablet,G-Story,行貨 最新15.6吋輕觸式 4K UHD超高清窄邊框可攜式 USB3.1 Type-C 一線通 供電螢幕 GS156UT 保養一年,3265.0,0.0,0,Beauty-Balance-International-Group-Limited,https://www.hktvmall.com/hktv/zh/main/Beauty-Balance-International-Group-Limited/s/S1235001/電子電器/電子電器/電腦及週邊設備/顯示器/19吋以下顯示器/行貨-最新156吋輕觸式-4K-UHD超高清窄邊框可攜式-USB31-TypeC-一線通-供電螢幕-GS156UT-保養一年/p/S1235001_S_GS70102
41,H5023002_S_ZA2J0063HK,tablet,聯想,Lenovo TAB4 10 WIFI (TB-X304F) (2G+16G)  (ZA2J0063HK) - 全新機,1599.0,0.0,0,Protech-Computer,https://www.hktvmall.com/hktv/zh/main/Protech-Computer/s/H5023002/電子電器/電子電器/電腦及週邊設備/平板電腦/Lenovo-TAB4-10-WIFI-TBX304F-2G16G-ZA2J0063HK-全新機/p/H5023002_S_ZA2J0063HK
42,H6672002_S_Round-Disc-Stylus-Black,tablet,JNH,圓盤螢幕觸控筆- 智能電話/平板電腦適用-灰色,68.0,5.0,1,JNH-生活精品屋,https://www.hktvmall.com/hktv/zh/main/JNH-生活精品屋/s/H6672002/電子電器/數碼流動產品/輕觸筆/圓盤螢幕觸控筆-智能電話平板電腦適用灰色/p/H6672002_S_Round-Disc-Stylus-Black
43,H6201001_S_B01LZG3C712016,tablet,Catalyst,Impact Protection Case For Apple Watch S3 防撞保護套 ( S2 適用 ) 藍色,298.0,0.0,0,24BUYHK,https://www.hktvmall.com/hktv/zh/main/24BUYHK/s/H6201001/電子電器/電子電器/電腦及週邊設備/平板電腦/Impact-Protection-Case-For-Apple-Watch-S3-防撞保護套-S2-適用-藍色/p/H6201001_S_B01LZG3C712016
44,H0775001_S_TB_X705F,tablet,聯想,智能平板 P10 (TB-X705F WIFI) 黑色,2299.0,0.0,0,DCONE,https://www.hktvmall.com/hktv/zh/main/DCONE/s/H0775001/電子電器/電子電器/電腦及週邊設備/平板電腦/智能平板-P10-TBX705F-WIFI-黑色/p/H0775001_S_TB_X705F
45,H6623001_S_GT1005_BLK,tablet,Global Trend,"12"" 液晶電子手寫板可局部擦寫",178.0,0.0,0,JACKMAX-INDUSTRIES,https://www.hktvmall.com/hktv/zh/main/JACKMAX-INDUSTRIES/s/H6623001/電子電器/電子電器/電腦及週邊設備/周邊設備/繪圖板-手寫板/12-液晶電子手寫板可局部擦寫/p/H6623001_S_GT1005_BLK
46,H6795001_S_Kamvaspro20,tablet,Huion,Kamvas Pro 20,5299.0,0.0,0,PLUS-ONE-COMPANY,https://www.hktvmall.com/hktv/zh/main/PLUS-ONE-COMPANY/s/H6795001/電子電器/電子電器/電腦及週邊設備/周邊設備/繪圖板-手寫板/Kamvas-Pro-20/p/H6795001_S_Kamvaspro20
47,H5892002_S_121948-6009,tablet,Speck,9.7-inch iPad Balance FOLIO METALLIC Cases,360.0,0.0,0,Praesto-Lifestyle,https://www.hktvmall.com/hktv/zh/main/Praesto-Lifestyle/s/H5892002/電子電器/電子電器/電腦及週邊設備/其他電腦產品/Mac專用配件/97inch-iPad-Balance-FOLIO-METALLIC-Cases/p/H5892002_S_121948-6009
48,H5912001_S_T0033_bk,tablet,聯想,"TAB 4 8"" PLUS LTE 64GB 8704X-白(香港行貨)",1699.0,0.0,0,UNIVERSAL,https://www.hktvmall.com/hktv/zh/main/UNIVERSAL/s/H5912001/電子電器/電子電器/電腦及週邊設備/平板電腦/TAB-4-8-PLUS-LTE-64GB-8704X白香港行貨/p/H5912001_S_T0033_bk
49,H5912001_S_T0043_bk,tablet,小米,平板4 8英寸平板電腦WIFI版 4G+64GB（平行進口）,1899.0,0.0,0,UNIVERSAL,https://www.hktvmall.com/hktv/zh/main/UNIVERSAL/s/H5912001/電子電器/電子電器/電腦及週邊設備/平板電腦/平板4-8英寸平板電腦WIFI版-4G64GB平行進口/p/H5912001_S_T0043_bk
50,H0775001_S_TB_X605L,tablet,聯想,智能平板 M10 (TB-X605L LTE) 黑色,1999.0,0.0,0,DCONE,https://www.hktvmall.com/hktv/zh/main/DCONE/s/H0775001/電子電器/電子電器/電腦及週邊設備/平板電腦/智能平板-M10-TBX605L-LTE-黑色/p/H0775001_S_TB_X605L
51,S1076001_S_736211532176,tablet,Bluelounge,鋁金屬平板電腦座 - 黑色,268.0,0.0,0,Vertex-恆進,https://www.hktvmall.com/hktv/zh/main/Vertex-恆進/s/S1076001/電子電器/電子電器/電腦及週邊設備/平板電腦/鋁金屬平板電腦座-黑色/p/S1076001_S_736211532176
52,H0710001_S_STM-222-160JW-29,tablet,STM,DUX iPad 6th 5th Gen 防撞保護套 鮮紅色,380.0,0.0,0,DISTEXPRESS,https://www.hktvmall.com/hktv/zh/main/DISTEXPRESS/s/H0710001/電子電器/電子電器/電腦及週邊設備/平板電腦/DUX-iPad-6th-5th-Gen-防撞保護套-鮮紅色/p/H0710001_S_STM-222-160JW-29
53,H5189001_S_Alldocube-iPlay8-16GB,tablet,酷比魔方,Alldocube iPlay 8 16GB,599.0,0.0,0,Gaminghk,https://www.hktvmall.com/hktv/zh/main/Gaminghk/s/H5189001/電子電器/電子電器/電腦及週邊設備/平板電腦/Alldocube-iPlay-8-16GB/p/H5189001_S_Alldocube-iPlay8-16GB
54,S1076001_S_193268721173,tablet,Lenovo ,Lenovo K5 Play 智能手機,994.0,0.0,0,Vertex-恆進,https://www.hktvmall.com/hktv/zh/main/Vertex-恆進/s/S1076001/電子電器/電子電器/電腦及週邊設備/平板電腦/Lenovo-K5-Play-智能手機/p/S1076001_S_193268721173
55,H5189001_S_Alldocube-M8-32GB,tablet,酷比魔方,Alldocube M8 32GB,1099.0,0.0,0,Gaminghk,https://www.hktvmall.com/hktv/zh/main/Gaminghk/s/H5189001/電子電器/電子電器/電腦及週邊設備/平板電腦/Alldocube-M8-32GB/p/H5189001_S_Alldocube-M8-32GB
56,H5189001_S_Alldocube-M5X-64GB,tablet,酷比魔方,Alldocube M5X 64GB,1499.0,0.0,0,Gaminghk,https://www.hktvmall.com/hktv/zh/main/Gaminghk/s/H5189001/電子電器/電子電器/電腦及週邊設備/平板電腦/Alldocube-M5X-64GB/p/H5189001_S_Alldocube-M5X-64GB
57,H6800001_S_BGT0027,tablet,安博科技,安博科技 UPAD PRO 4G (台灣版),1680.0,0.0,0,環球貿易,https://www.hktvmall.com/hktv/zh/main/環球貿易/s/H6800001/電子電器/電子電器/電腦及週邊設備/平板電腦/安博科技-UPAD-PRO-4G-台灣版/p/H6800001_S_BGT0027
58,H5300001_S_FHUAGS2-AL00HN4-64GBB,tablet,Huawei,"Honor Pad 5 10.1"" LTE (全網通版) 4GB+64GB 藍色（平行進口）",1999.0,0.0,0,Citylink,https://www.hktvmall.com/hktv/zh/main/Citylink/s/H5300001/電子電器/電子電器/手機及平板電腦/平板電腦/Honor-Pad-5-101-LTE-全網通版-4GB64GB-藍色平行進口/p/H5300001_S_FHUAGS2-AL00HN4-64GBB
59,H0972006_S_cube_x_64gb,tablet,CUBE,X (64GB) (2.5K Super AMOLED 平板電腦) (原裝行貨),2299.0,0.0,0,ASK-Gadgets,https://www.hktvmall.com/hktv/zh/main/ASK-Gadgets/s/H0972006/電子電器/電子電器/手機及平板電腦/平板電腦/X-64GB-25K-Super-AMOLED-平板電腦-原裝行貨/p/H0972006_S_cube_x_64gb
60,S1076001_S_PADB0077HK,tablet,Lenovo ,Lenovo K5 Play 智能手機,994.0,0.0,0,Vertex-恆進,https://www.hktvmall.com/hktv/zh/main/Vertex-恆進/s/S1076001/電子電器/電子電器/電腦及週邊設備/平板電腦/Lenovo-K5-Play-智能手機/p/S1076001_S_PADB0077HK
61,H6795001_S_HS610,tablet,Huion,HS610,889.0,0.0,0,PLUS-ONE-COMPANY,https://www.hktvmall.com/hktv/zh/main/PLUS-ONE-COMPANY/s/H6795001/電子電器/電子電器/電腦及週邊設備/周邊設備/繪圖板-手寫板/HS610/p/H6795001_S_HS610
62,S1076001_S_191376165018,tablet,聯想,"LENOVO TB-8504F TAB4 8""HD WIFI 平板電腦-BLACK",1224.0,0.0,0,Vertex-恆進,https://www.hktvmall.com/hktv/zh/main/Vertex-恆進/s/S1076001/電子電器/電子電器/電腦及週邊設備/平板電腦/LENOVO-TB8504F-TAB4-8HD-WIFI-平板電腦BLACK/p/S1076001_S_191376165018
63,H6795001_S_Q11v2,tablet,Huion,INSPIROY Q11K V2,1179.0,0.0,0,PLUS-ONE-COMPANY,https://www.hktvmall.com/hktv/zh/main/PLUS-ONE-COMPANY/s/H6795001/電子電器/電子電器/電腦及週邊設備/周邊設備/繪圖板-手寫板/INSPIROY-Q11K-V2/p/H6795001_S_Q11v2
64,H5087001_S_pccase3567,tablet,日本PGA,柔韌彈性防撞 微重量 laptop / PC tablet 電腦袋(13.3inches) 迪士尼米奇 4562358113567,218.0,0.0,0,月の光,https://www.hktvmall.com/hktv/zh/main/月の光/s/H5087001/電子電器/電子電器/手機及平板電腦/平板電腦/柔韌彈性防撞-微重量-laptop-PC-tablet-電腦袋133inches-迪士尼米奇-4562358113567/p/H5087001_S_pccase3567
65,H6588001_S_Samsung_TabS4_LTE_64GB_Black,tablet,三星,Tab S4 4GB+64GB LTE 黑色 香港行貨,5199.0,0.0,0,輝煌數碼有限公司,https://www.hktvmall.com/hktv/zh/main/輝煌數碼有限公司/s/H6588001/電子電器/電子電器/手機及平板電腦/平板電腦/Tab-S4-4GB64GB-LTE-黑色-香港行貨/p/H6588001_S_Samsung_TabS4_LTE_64GB_Black
66,H0710001_S_MA-AL,tablet,Bluelounge,BlueLounge Mika 鋁銀色,288.0,0.0,0,DISTEXPRESS,https://www.hktvmall.com/hktv/zh/main/DISTEXPRESS/s/H0710001/電子電器/電子電器/電腦及週邊設備/平板電腦/BlueLounge-Mika-鋁銀色/p/H0710001_S_MA-AL
67,S1076001_S_192940573567,tablet,聯想,LENOVO TAB M10 Qualcomm Snapdragon 平板電腦 SLATE BACK LTE,2499.0,0.0,0,Vertex-恆進,https://www.hktvmall.com/hktv/zh/main/Vertex-恆進/s/S1076001/電子電器/電子電器/電腦及週邊設備/平板電腦/LENOVO-TAB-M10-Qualcomm-Snapdragon-平板電腦-SLATE-BACK-LTE/p/S1076001_S_192940573567
68,S1076001_S_191376403783,tablet,Lenovo ,Lenovo TB-8704X TAB 4 8 Plus LTE (ZA2F0051HK) 平板電腦,2499.0,0.0,0,Vertex-恆進,https://www.hktvmall.com/hktv/zh/main/Vertex-恆進/s/S1076001/電子電器/電子電器/電腦及週邊設備/平板電腦/Lenovo-TB8704X-TAB-4-8-Plus-LTE-ZA2F0051HK-平板電腦/p/S1076001_S_191376403783
69,H0972006_S_RG910,tablet,RugGear,RG910 - IP68防水防塵認證 / MIL-STD 810G防摔 / 可戴上手套或濕手操作平板電腦,5999.0,0.0,0,ASK-Gadgets,https://www.hktvmall.com/hktv/zh/main/ASK-Gadgets/s/H0972006/電子電器/電子電器/手機及平板電腦/平板電腦/RG910-IP68防水防塵認證-MILSTD-810G防摔-可戴上手套或濕手操作平板電腦/p/H0972006_S_RG910
70,S1076001_S_192651498104,tablet,聯想,LENOVO TB-X705L TAB P10 LTE 平板電腦 BLACK,2699.0,0.0,0,Vertex-恆進,https://www.hktvmall.com/hktv/zh/main/Vertex-恆進/s/S1076001/電子電器/電子電器/電腦及週邊設備/平板電腦/LENOVO-TBX705L-TAB-P10-LTE-平板電腦-BLACK/p/S1076001_S_192651498104
71,H0762001_S_Tab-S4-Wifi-T830-256GB-BK-800670038,tablet,三星,Galaxy Tab S4 WiFi 256GB - 黑色,4948.0,0.0,0,Mob-hk,https://www.hktvmall.com/hktv/zh/main/Mob-hk/s/H0762001/電子電器/電子電器/電腦及週邊設備/平板電腦/Galaxy-Tab-S4-WiFi-256GB-黑色/p/H0762001_S_Tab-S4-Wifi-T830-256GB-BK-800670038
72,H6623001_S_GT1005_BLU,tablet,Global Trend,"12"" 液晶電子手寫板可局部擦寫",178.0,0.0,0,JACKMAX-INDUSTRIES,https://www.hktvmall.com/hktv/zh/main/JACKMAX-INDUSTRIES/s/H6623001/電子電器/電子電器/電腦及週邊設備/周邊設備/繪圖板-手寫板/12-液晶電子手寫板可局部擦寫/p/H6623001_S_GT1005_BLU
73,H5189001_S_Alldocube-X-128GB,tablet,酷比魔方,Alldocube X 128GB,2399.0,0.0,0,Gaminghk,https://www.hktvmall.com/hktv/zh/main/Gaminghk/s/H5189001/電子電器/電子電器/電腦及週邊設備/平板電腦/Alldocube-X-128GB/p/H5189001_S_Alldocube-X-128GB
74,H0710001_S_MA-WH,tablet,Bluelounge,BlueLounge Mika 純白色,288.0,0.0,0,DISTEXPRESS,https://www.hktvmall.com/hktv/zh/main/DISTEXPRESS/s/H0710001/電子電器/電子電器/電腦及週邊設備/平板電腦/BlueLounge-Mika-純白色/p/H0710001_S_MA-WH
75,H0710001_S_NS-GRN,tablet,Bluelounge,多功能底座 iPad / 平板 / 手機 綠色 *綠色1個*,98.0,0.0,0,DISTEXPRESS,https://www.hktvmall.com/hktv/zh/main/DISTEXPRESS/s/H0710001/電子電器/電子電器/電腦及週邊設備/平板電腦/多功能底座-iPad-平板-手機-綠色-綠色1個/p/H0710001_S_NS-GRN
76,H6588001_S_Samsung_TabS4_LTE_64GB_Gray,tablet,三星,Tab S4 4GB+64GB LTE 灰色 香港行貨,5199.0,0.0,0,輝煌數碼有限公司,https://www.hktvmall.com/hktv/zh/main/輝煌數碼有限公司/s/H6588001/電子電器/電子電器/手機及平板電腦/平板電腦/Tab-S4-4GB64GB-LTE-灰色-香港行貨/p/H6588001_S_Samsung_TabS4_LTE_64GB_Gray
77,H6795001_S_kamvaspro22,tablet,Huion,Kamvas Pro 22,7299.0,0.0,0,PLUS-ONE-COMPANY,https://www.hktvmall.com/hktv/zh/main/PLUS-ONE-COMPANY/s/H6795001/電子電器/電子電器/電腦及週邊設備/周邊設備/繪圖板-手寫板/Kamvas-Pro-22/p/H6795001_S_kamvaspro22
78,S1076001_S_PA8B0021HK,tablet,Lenovo ,K8 3GB/32GB 智能手機,1699.0,0.0,0,Vertex-恆進,https://www.hktvmall.com/hktv/zh/main/Vertex-恆進/s/S1076001/電子電器/電子電器/電腦及週邊設備/平板電腦/K8-3GB32GB-智能手機/p/S1076001_S_PA8B0021HK
79,H5023002_S_ZA0R0091HK_BN,tablet,聯想,Tab 3 7 Essential TB3-710F 1G+16G (ZA0R0091HK) - 全新機行貨,699.0,0.0,0,Protech-Computer,https://www.hktvmall.com/hktv/zh/main/Protech-Computer/s/H5023002/電子電器/電子電器/電腦及週邊設備/平板電腦/Tab-3-7-Essential-TB3710F-1G16G-ZA0R0091HK-全新機行貨/p/H5023002_S_ZA0R0091HK_BN
80,H0972006_S_iplay10pro,tablet,酷比魔方,iPlay10 Pro 10.1英寸大屏娛樂平板電腦2019新款,899.0,0.0,0,ASK-Super-Outlet,https://www.hktvmall.com/hktv/zh/main/ASK-Super-Outlet/s/H1142001/電子電器/電子電器/手機及平板電腦/平板電腦/iPlay10-Pro-101英寸大屏娛樂平板電腦2019新款/p/H0972006_S_iplay10pro
81,H0972006_S_iplay8pro,tablet,酷比魔方,iPlay8 Pro 8英寸掌上輕薄遊戲娛樂平板電腦2019新款,699.0,0.0,0,ASK-Super-Outlet,https://www.hktvmall.com/hktv/zh/main/ASK-Super-Outlet/s/H1142001/電子電器/電子電器/手機及平板電腦/平板電腦/iPlay8-Pro-8英寸掌上輕薄遊戲娛樂平板電腦2019新款/p/H0972006_S_iplay8pro
82,H5189001_S_Alldocube-iPlay7T,tablet,酷比魔方,Alldocube iPlay 7T,899.0,0.0,0,Gaminghk,https://www.hktvmall.com/hktv/zh/main/Gaminghk/s/H5189001/電子電器/電子電器/手機及平板電腦/平板電腦/Alldocube-iPlay-7T/p/H5189001_S_Alldocube-iPlay7T
83,H5189001_S_Alldocube-iPlay10pro,tablet,酷比魔方,Alldocube iPlay 10 Pro,900.0,0.0,0,Gaminghk,https://www.hktvmall.com/hktv/zh/main/Gaminghk/s/H5189001/電子電器/電子電器/電腦及週邊設備/平板電腦/Alldocube-iPlay-10-Pro/p/H5189001_S_Alldocube-iPlay10pro
84,H5189001_S_Alldocube-iPlay8pro,tablet,酷比魔方,Alldocube iPlay 8 Pro,699.0,0.0,0,Gaminghk,https://www.hktvmall.com/hktv/zh/main/Gaminghk/s/H5189001/電子電器/電子電器/電腦及週邊設備/平板電腦/Alldocube-iPlay-8-Pro/p/H5189001_S_Alldocube-iPlay8pro
85,H6588001_S_Amazon_FireHD_8_2018_16GB_Black,tablet,AMAZON,Fire HD 8 16GB 平板電腦 黑色 平行進口 (8th Gen 2018),699.0,0.0,0,輝煌數碼有限公司,https://www.hktvmall.com/hktv/zh/main/輝煌數碼有限公司/s/H6588001/電子電器/電子電器/手機及平板電腦/平板電腦/Fire-HD-8-16GB-平板電腦-黑色-平行進口-8th-Gen-2018/p/H6588001_S_Amazon_FireHD_8_2018_16GB_Black
86,H5967001_S_hd8,tablet,AMAZON,"Fire HD 8 8th Gen 2018 8"" 16GB HD Display Tablet with Alexa Voice Conrtrol 黑色 (平行進口)",679.0,4.5,2,BusinessPro,https://www.hktvmall.com/hktv/zh/main/BusinessPro/s/H5967001/電子電器/電子電器/手機及平板電腦/平板電腦/Fire-HD-8-8th-Gen-2018-8-16GB-HD-Display-Tablet-with-Alexa-Voice-Conrtrol-黑色-平行進口/p/H5967001_S_hd8
87,S1076001_S_193268748026,tablet,Lenovo ,Lenovo K5 Play 智能手機,994.0,0.0,0,Vertex-恆進,https://www.hktvmall.com/hktv/zh/main/Vertex-恆進/s/S1076001/電子電器/電子電器/手機及平板電腦/手提電話/智能電話/Lenovo-K5-Play-智能手機/p/S1076001_S_193268748026
88,H0762001_S_Tab-S4-Wifi-T830-64GB-GY-800670036,tablet,三星,Galaxy Tab S4 WiFi 64GB - 灰色,4098.0,0.0,0,Mob-hk,https://www.hktvmall.com/hktv/zh/main/Mob-hk/s/H0762001/電子電器/電子電器/電腦及週邊設備/平板電腦/Galaxy-Tab-S4-WiFi-64GB-灰色/p/H0762001_S_Tab-S4-Wifi-T830-64GB-GY-800670036
89,H5023001_S_ZA2M0000HK,tablet,聯想,Tab 4 10 Plus TB-X704F 優質 10.1 吋平板電腦配備 (ZA2M0000HK) - 高質陳列品,1499.0,4.0,2,OB-House,https://www.hktvmall.com/hktv/zh/main/OB-House/s/H5023001/電子電器/電子電器/手機及平板電腦/平板電腦/Tab-4-10-Plus-TBX704F-優質-101-吋平板電腦配備-ZA2M0000HK-高質陳列品/p/H5023001_S_ZA2M0000HK
90,G5031001_S_MW742,tablet,APPLE,"10.2-inch iPad Wi-Fi (2019), 32GB - 大空灰 #HK行貨",2599.0,0.0,0,Metro-com,https://www.hktvmall.com/hktv/zh/main/Metro-com/s/G5031001/電子電器/電子電器/手機及平板電腦/平板電腦/102inch-iPad-WiFi-2019-32GB-大空灰-HK行貨/p/G5031001_S_MW742
91,G5031001_S_MW772,tablet,APPLE,"10.2-inch iPad Wi-Fi (2019), 128GB - 太空灰 #HK行貨",3399.0,0.0,0,Metro-com,https://www.hktvmall.com/hktv/zh/main/Metro-com/s/G5031001/電子電器/電子電器/手機及平板電腦/平板電腦/102inch-iPad-WiFi-2019-128GB-太空灰-HK行貨/p/G5031001_S_MW772
92,G5031001_S_MW6E2,tablet,APPLE,10.2-inch iPad Wi-Fi + Cellular (2019) 128GB - 太空灰 #HK行貨,4399.0,0.0,0,Metro-com,https://www.hktvmall.com/hktv/zh/main/Metro-com/s/G5031001/電子電器/電子電器/手機及平板電腦/平板電腦/102inch-iPad-WiFi-Cellular-2019-128GB-太空灰-HK行貨/p/G5031001_S_MW6E2
93,H7094001_S_JBLTEST,tablet,JBL,NAME,888.0,0.0,0,蔡氏數碼科技(集團)有限公司,https://www.hktvmall.com/hktv/zh/main/蔡氏數碼科技(集團)有限公司/s/H7094001/電子電器/電子電器/電腦及週邊設備/周邊設備/鍵盤-滑鼠/鍵盤/NAME/p/H7094001_S_JBLTEST
